path,committed_physical,committed_nonblank,committed_normalized,committed_bytes,starting_physical,starting_nonblank,starting_normalized,starting_bytes,current_physical,current_nonblank,current_normalized,current_bytes
examples/custom.ts,26,26,21,812,26,26,21,810,23,23,18,717
examples/forum.ts,208,208,188,8118,205,205,185,8082,133,132,176,7563
package/assets.d.mts,7,7,10,405,7,7,10,405,7,7,10,405
package/assets.mjs,22,20,22,1060,22,20,22,1060,22,20,22,1060
public/auth.css,9,9,9,887,9,9,9,887,9,9,9,887
public/custom-example.css,1,1,1,565,1,1,1,565,1,1,1,565
public/custom-example.html,1,1,1,482,1,1,1,482,1,1,1,482
public/embed.css,1,1,1,109,1,1,1,109,1,1,1,109
public/index.html,108,108,108,5875,108,108,108,5875,108,108,108,5875
public/setup.css,9,5,5,2163,9,5,5,2163,9,5,5,2163
scripts/build-assets.mjs,35,34,38,1994,35,34,38,1994,35,34,38,2008
scripts/build-styles.mjs,29,29,24,1004,29,29,24,1004,6,6,6,333
scripts/build-test-assets.mjs,22,21,23,1554,21,20,22,1390,25,24,25,1116
scripts/build-website.mjs,26,26,30,2093,26,26,30,2093,26,26,30,2093
scripts/build.mjs,61,60,74,4946,61,60,74,4946,58,57,70,4733
scripts/check-config.mjs,9,9,13,1124,9,9,13,1124,10,10,14,1178
scripts/check-package.mjs,37,36,42,3287,45,44,50,4183,43,42,47,3922
scripts/demo.mjs,118,116,155,9320,115,113,150,9123,77,75,101,7648
scripts/generate-icons.mjs,5,5,5,895,5,5,5,895,5,5,5,902
scripts/probe-ranking-github.mjs,20,20,44,3198,20,20,44,3198,0,0,0,0
scripts/probe-thread-github.mjs,19,19,21,1453,19,19,21,1453,0,0,0,0
scripts/ranking-runtime-worker.ts,82,82,115,5796,84,84,118,6053,146,146,149,8008
scripts/rate-bindings.mjs,10,10,12,667,0,0,0,0,0,0,0,0
scripts/secret.mjs,2,2,2,95,2,2,2,95,2,2,2,95
scripts/test-browser.mjs,0,0,0,0,0,0,0,0,244,243,298,20983
scripts/test-ranking-runtime.mjs,29,29,52,3310,31,31,63,3774,0,0,0,0
scripts/test-ranking-service-runtime.mjs,0,0,0,0,0,0,0,0,166,166,173,10840
scripts/test-runtime.mjs,163,161,208,11407,112,110,127,8055,119,119,122,9766
scripts/workerd.mjs,0,0,0,0,27,26,32,1333,31,29,39,1656
src/browser/auth-complete.ts,17,17,25,1274,17,17,25,1274,16,16,22,1070
src/browser/auth-window.ts,32,32,46,2513,32,32,46,2513,25,25,37,2149
src/browser/client.ts,103,103,190,8689,58,58,116,5120,58,58,110,5034
src/browser/content.ts,53,53,85,3363,53,53,85,3363,60,60,102,3909
src/browser/dom.ts,31,31,42,2274,14,14,21,960,14,14,21,960
src/browser/draft-store.ts,56,56,49,1493,56,56,49,1493,56,56,49,1493
src/browser/headless.ts,45,44,13,1181,45,44,13,1181,44,43,13,1154
src/browser/host-storage.ts,0,0,0,0,59,59,100,4111,70,70,109,4650
src/browser/i18n.ts,446,443,450,16009,349,346,353,12235,225,222,227,8190
src/browser/icons.ts,3,3,3,7393,3,3,3,7393,3,3,3,7400
src/browser/interactions.ts,225,223,234,6782,148,146,188,6228,148,146,205,6775
src/browser/markdown.ts,69,69,125,5345,69,69,125,5345,69,69,125,5345
src/browser/math.ts,21,21,23,1545,21,21,23,1545,21,21,23,1545
src/browser/native.ts,21,21,10,661,21,21,10,661,20,20,10,644
src/browser/navigation.ts,7,7,7,329,7,7,7,329,7,7,7,329
src/browser/options.ts,30,30,34,1432,30,30,34,1432,26,26,30,1220
src/browser/presentation.ts,103,102,95,3844,15,14,16,681,18,17,17,795
src/browser/runtime.ts,324,322,311,12397,160,157,226,9093,186,182,259,9060
src/browser/session.ts,121,120,215,7908,136,134,242,8568,115,113,207,7286
src/browser/setup-values.ts,36,34,39,1753,36,34,39,1753,36,34,39,1753
src/browser/setup.ts,135,133,161,7859,135,133,161,7859,134,132,157,7699
src/browser/standard/actions.ts,34,34,47,2688,36,36,51,2852,33,33,48,2776
src/browser/standard/body.ts,0,0,0,0,0,0,0,0,31,30,37,1285
src/browser/standard/composer.ts,160,159,153,6697,160,159,153,6697,70,68,78,4116
src/browser/standard/contracts.ts,32,31,28,951,32,31,28,951,27,27,24,1093
src/browser/standard/dialog.ts,76,76,60,2335,46,46,50,1742,46,46,56,1803
src/browser/standard/header.ts,48,48,44,2223,48,48,44,2223,18,17,17,1230
src/browser/standard/icon.ts,0,0,0,0,0,0,0,0,4,4,4,249
src/browser/standard/reactions.ts,146,145,124,5717,146,145,124,5717,55,54,62,3389
src/browser/standard/resource.ts,0,0,0,0,0,0,0,0,24,23,28,1099
src/browser/standard/styles.css,241,238,238,6197,239,236,236,6150,206,201,201,17565
src/browser/standard/view.ts,361,360,319,15971,313,312,282,14962,146,145,163,9637
src/browser/storage.ts,48,48,46,1317,48,48,46,1317,48,48,48,1454
src/browser/upstream-locales.ts,2,2,2,30151,2,2,2,30151,2,2,2,30151
src/browser/upstream-messages.ts,2,2,2,45498,2,2,2,45498,2,2,2,45498
src/browser/widget.ts,128,128,125,4474,125,125,122,4553,127,127,127,4741
src/contracts/config.ts,60,60,71,4586,57,57,68,4380,57,57,68,4383
src/contracts/document.ts,0,0,0,0,0,0,0,0,68,67,70,1982
src/contracts/github.ts,80,78,78,7168,80,78,78,6755,53,53,53,4102
src/contracts/parse.ts,23,23,26,1375,23,23,26,1375,23,23,26,1375
src/contracts/primitives.ts,47,46,57,3356,47,46,57,3356,48,47,58,3414
src/contracts/requests.ts,90,86,85,7580,88,84,83,7389,84,80,80,6170
src/contracts/results.ts,33,31,35,1053,25,23,27,924,10,10,10,476
src/contracts/rpc.ts,37,34,38,2604,40,39,47,3170,29,28,32,2281
src/contracts/selection.ts,5,5,5,252,5,5,5,252,6,6,6,285
src/contracts/storage.ts,29,27,27,1886,30,28,28,2007,27,27,27,1586
src/conversation/controller.ts,728,726,737,28643,490,487,623,27109,0,0,0,0
src/conversation/fetch-policy.ts,78,77,64,2321,78,77,64,2321,35,35,30,1108
src/conversation/model.ts,52,52,90,3327,39,39,60,2382,0,0,0,0
src/conversation/page.ts,0,0,0,0,0,0,0,0,419,419,452,21567
src/domain/auth.ts,136,136,198,10552,136,136,198,10602,134,134,174,9833
src/domain/authorization.ts,45,45,45,3247,45,45,45,3247,41,41,44,2883
src/domain/body.ts,0,0,0,0,17,17,29,767,17,17,29,767
src/domain/crypto.ts,71,71,101,5117,71,71,101,5117,71,71,101,5117
src/domain/errors.ts,27,27,42,1713,27,27,42,1713,27,27,42,1713
src/domain/github.ts,261,260,352,22454,251,250,329,21556,391,390,390,28262
src/domain/lru.ts,17,17,34,815,17,17,34,815,17,17,34,815
src/domain/platform.ts,7,7,15,501,6,6,13,416,5,5,11,321
src/domain/read-cache.ts,43,43,71,2422,45,45,69,2582,47,47,61,2268
src/domain/repository.ts,391,389,499,28997,382,380,471,28762,325,325,329,24036
src/domain/store.ts,66,66,84,4335,69,69,89,4775,78,78,96,5277
src/ranking/engine.ts,393,393,569,22097,396,396,575,21694,192,190,251,10186
src/ranking/github.ts,71,71,101,6067,71,71,101,6067,91,90,120,6911
src/ranking/order.ts,26,24,39,1743,20,19,30,1270,0,0,0,0
src/ranking/store.ts,188,187,294,13508,193,193,284,12422,125,123,147,8650
src/ranking/types.ts,60,59,90,4283,58,57,81,3955,46,44,77,3451
src/testing.ts,26,21,21,1226,0,0,0,0,0,0,0,0
src/themes.ts,3,3,3,630,3,3,3,630,3,3,3,630
src/worker/admission.ts,44,44,79,3822,44,44,79,3822,32,32,58,2033
src/worker/app.ts,159,158,193,11024,130,129,153,8612,132,131,153,8532
src/worker/entry.ts,3,3,3,98,3,3,3,98,3,3,3,98
src/worker/html.ts,30,29,31,4459,30,29,31,4459,30,29,31,4594
src/worker/middleware.ts,87,85,121,5543,78,76,100,5169,67,65,87,4573
src/worker/public-read.ts,42,40,58,2339,42,40,58,2339,49,47,69,2781
src/worker/read-response.ts,12,10,10,645,12,10,10,645,0,0,0,0
src/worker/repository.ts,76,75,111,5012,54,53,71,3329,27,26,26,1256
src/worker/types.ts,16,16,41,1411,21,21,38,1246,17,17,35,981
test/auth.test.mjs,37,37,66,5486,37,37,66,5486,0,0,0,0
test/browser-behavior.mjs,0,0,0,0,0,0,0,0,162,159,169,11910
test/browser.mjs,0,0,0,0,8,7,7,679,0,0,0,0
test/content.test.mjs,100,91,119,8404,98,89,116,7973,0,0,0,0
test/conversation.test.mjs,283,256,495,17359,270,241,429,18403,0,0,0,0
test/core.test.mjs,34,34,94,4796,33,33,87,4437,0,0,0,0
test/counts.test.mjs,84,82,109,4881,68,66,73,4761,0,0,0,0
test/demo.test.mjs,20,20,48,1770,20,20,48,1770,0,0,0,0
test/evidence.mjs,0,0,0,0,0,0,0,0,15,14,17,998
test/fixtures.mjs,55,54,73,5950,58,57,81,5873,0,0,0,0
test/forum-browser.ts,0,0,0,0,0,0,0,0,1,1,1,58
test/forum.test.mjs,43,41,58,3653,41,39,55,3120,0,0,0,0
test/github-fixture.mjs,133,133,315,17301,122,122,285,15762,153,153,322,17428
test/github-schema.mjs,0,0,0,0,0,0,0,0,24,22,25,1343
test/github-selection.test.mjs,76,70,100,4902,64,55,69,4588,0,0,0,0
test/github-server.mjs,0,0,0,0,0,0,0,0,26,25,31,1538
test/modules.mjs,0,0,0,0,13,12,15,644,13,12,15,644
test/native-service.mjs,0,0,0,0,0,0,0,0,68,68,70,3678
test/native.test.mjs,40,36,54,2552,32,28,30,2496,0,0,0,0
test/navigation-demo.ts,9,9,9,400,9,9,9,400,9,9,9,400
test/operations.test.mjs,68,68,175,9180,65,65,164,9157,0,0,0,0
test/presentation.test.mjs,142,131,289,15476,241,226,471,23773,0,0,0,0
test/project-page.test.mjs,20,18,18,1126,19,17,17,1031,0,0,0,0
test/protocol-version.test.mjs,38,36,42,1916,32,30,30,1844,0,0,0,0
test/ranking-integration.test.mjs,39,38,69,3180,35,34,51,3135,0,0,0,0
test/ranking.test.mjs,170,169,330,15863,183,182,343,16190,0,0,0,0
test/runtime-entry.ts,46,45,53,2429,24,23,31,1144,0,0,0,0
test/service-efficiency.test.mjs,108,105,177,8120,97,94,142,8015,0,0,0,0
test/service.ts,0,0,0,0,22,17,17,1004,0,0,0,0
test/setup.test.mjs,61,59,62,4267,48,48,52,3492,0,0,0,0
test/theme-styles.test.mjs,24,22,23,1542,24,22,23,1542,0,0,0,0
test/validation.test.mjs,67,66,91,6312,59,58,84,5945,0,0,0,0
website/demo.ts,32,31,35,1703,32,31,35,1703,29,28,32,1659
website/forum.css,30,30,30,4602,30,30,30,4602,30,30,30,4602
website/index.html,58,55,55,4257,58,55,55,4257,58,55,55,4257
website/style.css,2,2,2,4395,2,2,2,4395,2,2,2,4395
